{"cameraMode":{"drawMode":0,"name":"Shaded","section":"Shading Mode"},"sceneLighting":false,"audioPlay":false,"sceneViewState":{"showFog":true,"showMaterialUpdate":false,"showSkybox":true,"showFlares":true,"showImageEffects":true,"showParticleSystems":true},"in2DMode":false,"pivot":{"x":4.642661094665527,"y":0.9995169639587402,"z":-5.12217378616333},"rotation":{"x":0.020246194675564767,"y":0.21639053523540498,"z":-0.004486324731260538,"w":0.9760866761207581},"size":9.07323932647705,"orthographic":false}