{"cameraMode":{"drawMode":0,"name":"Shaded","section":"Shading Mode"},"sceneLighting":false,"audioPlay":false,"sceneViewState":{"showFog":true,"showMaterialUpdate":false,"showSkybox":true,"showFlares":true,"showImageEffects":true,"showParticleSystems":true},"in2DMode":false,"pivot":{"x":629.0648193359375,"y":316.7585144042969,"z":-39.80986404418945},"rotation":{"x":-0.09794867783784867,"y":-0.3609129786491394,"z":0.0381489098072052,"w":-0.9266567230224609},"size":2331.247802734375,"orthographic":false}