{"cameraMode":{"drawMode":0,"name":"Shaded","section":"Shading Mode"},"sceneLighting":false,"audioPlay":false,"sceneViewState":{"showFog":true,"showMaterialUpdate":false,"showSkybox":true,"showFlares":true,"showImageEffects":true,"showParticleSystems":true},"in2DMode":false,"pivot":{"x":-3.119999885559082,"y":3.9739999771118166,"z":3.0199999809265138},"rotation":{"x":-0.09794867783784867,"y":-0.3609129786491394,"z":0.0381489098072052,"w":-0.9266567230224609},"size":4.041658401489258,"orthographic":false}