{"cameraMode":{"drawMode":0,"name":"Shaded","section":"Shading Mode"},"sceneLighting":true,"audioPlay":false,"sceneViewState":{"showFog":true,"showMaterialUpdate":false,"showSkybox":true,"showFlares":true,"showImageEffects":true,"showParticleSystems":true},"in2DMode":false,"pivot":{"x":-2.8964290618896486,"y":-0.10417675971984863,"z":-4.183034896850586},"rotation":{"x":-0.19736537337303163,"y":0.7484701871871948,"z":-0.25490161776542666,"w":-0.5795382261276245},"size":6.607382297515869,"orthographic":false}