{"cameraMode":{"drawMode":0,"name":"Shaded","section":"Shading Mode"},"sceneLighting":true,"audioPlay":false,"sceneViewState":{"showFog":true,"showMaterialUpdate":false,"showSkybox":true,"showFlares":true,"showImageEffects":true,"showParticleSystems":true},"in2DMode":false,"pivot":{"x":1.9476706981658936,"y":2.78366756439209,"z":0.9598535895347595},"rotation":{"x":-0.20223204791545869,"y":0.7756653428077698,"z":-0.30509036779403689,"w":-0.5141647458076477},"size":9.932865142822266,"orthographic":false}