{"cameraMode":{"drawMode":0,"name":"Shaded","section":"Shading Mode"},"sceneLighting":false,"audioPlay":false,"sceneViewState":{"showFog":true,"showMaterialUpdate":false,"showSkybox":true,"showFlares":true,"showImageEffects":true,"showParticleSystems":true},"in2DMode":false,"pivot":{"x":0.004969239234924316,"y":0.941146731376648,"z":0.006792783737182617},"rotation":{"x":-0.04308050870895386,"y":0.9244220852851868,"z":-0.10981545597314835,"w":-0.36266857385635378},"size":5.352685928344727,"orthographic":false}