{"cameraMode":{"drawMode":0,"name":"Shaded","section":"Shading Mode"},"sceneLighting":true,"audioPlay":false,"sceneViewState":{"showFog":true,"showMaterialUpdate":false,"showSkybox":true,"showFlares":true,"showImageEffects":true,"showParticleSystems":true},"in2DMode":false,"pivot":{"x":1.1518564224243165,"y":3.6007578372955324,"z":1.2613497972488404},"rotation":{"x":-0.1736159324645996,"y":0.7677515745162964,"z":-0.23349587619304658,"w":-0.5708717703819275},"size":6.563037395477295,"orthographic":false}