{"cameraMode":{"drawMode":0,"name":"Shaded","section":"Shading Mode"},"sceneLighting":false,"audioPlay":false,"sceneViewState":{"showFog":true,"showMaterialUpdate":false,"showSkybox":true,"showFlares":true,"showImageEffects":true,"showParticleSystems":true},"in2DMode":false,"pivot":{"x":-0.14582693576812745,"y":1.3752012252807618,"z":0.07821536064147949},"rotation":{"x":-0.005291647743433714,"y":0.9164946675300598,"z":-0.012134728021919728,"w":-0.3998279273509979},"size":2.1427509784698488,"orthographic":false}