{"cameraMode":{"drawMode":0,"name":"Shaded","section":"Shading Mode"},"sceneLighting":false,"audioPlay":false,"sceneViewState":{"showFog":true,"showMaterialUpdate":false,"showSkybox":true,"showFlares":true,"showImageEffects":true,"showParticleSystems":true},"in2DMode":false,"pivot":{"x":0.06431187689304352,"y":1.2846835851669312,"z":-1.5970590114593506},"rotation":{"x":0.00003687490243464708,"y":0.9999356865882874,"z":0.0032607289031147959,"w":-0.010866831988096238},"size":3.8623173236846926,"orthographic":false}